Timestamp,Unit,EM,OEE,Availability,Performance,Quality,PackML
2026-09-15 13:19:43,UNIT 1,,84.2,92.1,89.3,96.8,Execute
2026-09-15 13:19:43,UNIT 2,,91.4,95.2,93.1,97.8,Execute
2026-09-15 13:19:43,,EM 01,82.3,90.1,87.4,94.2,Idle
2026-09-15 13:33:38,UNIT 1,,8.897890069424081,8.935251304607977,12.787638350769578,13.451810415151431,
2026-09-15 13:33:38,UNIT 2,,5.321608489120347,12.14046773609551,15.961000058107519,19.478531773949822,
2026-09-15 13:33:38,UNIT 3,,7.772358850173781,12.572942617892274,17.28184651132463,16.764495658489587,
2026-09-15 13:33:38,UNIT 4,,6.7735439423176995,10.156952001371192,12.517899972622965,20.4065856631129,
2026-09-15 13:33:38,,EM 01,21.726197191200466,19.63270491044323,23.199550293295253,23.4206181536612,
2026-09-15 13:33:38,,EM 02,6.359695120614066,7.8215124721692835,15.703093080100505,21.2807829317849,
2026-09-15 13:33:38,,EM 03,4.872351667907563,9.424238538963168,16.068492930641185,19.8787731975827,
2026-09-15 13:33:38,,EM 04,5.739632981534941,8.88147411040759,13.548923016265366,14.335260672678528,
2026-09-15 13:33:48,UNIT 1,,7.768453352211657,9.77757058984881,14.544801801290927,14.586740764881013,
2026-09-15 13:33:48,UNIT 2,,5.045041759533699,12.551613656480608,12.681116529041581,18.93477479779791,
2026-09-15 13:33:48,UNIT 3,,7.75248897774861,13.160314942568679,16.231491503505737,21.14178781172052,
2026-09-15 13:33:48,UNIT 4,,6.3143993412749495,10.975492318945282,12.063507514865108,18.772803514302897,
2026-09-15 13:33:48,,EM 01,20.587231391929652,18.302307136234045,23.137449643995147,22.447297555500477,
2026-09-15 13:33:48,,EM 02,3.8760353183517076,7.169333733078875,13.018378730796334,24.564824433058266,
2026-09-15 13:33:48,,EM 03,7.58653893485819,11.347118167492676,18.15162501265116,20.28221192248868,
2026-09-15 13:33:48,,EM 04,3.277741822827755,6.870630626585303,14.85374638080964,14.197501350661385,
2026-09-15 22:05:53,UNIT 1,,13.128216333214175,12.154911192726901,13.713847196630498,10.765468318001963,
2026-09-15 22:05:53,UNIT 2,,6.042514990674544,7.764773811361098,16.05253367478497,17.734478768501152,
2026-09-15 22:05:53,UNIT 3,,5.096160533647712,10.200130304509075,14.892431619802252,15.289639025697827,
2026-09-15 22:05:53,UNIT 4,,9.579549342085514,9.381048943857657,15.175064477137463,16.761595874068405,
2026-09-15 22:05:53,,EM 01,22.89648392240174,21.058025571920403,22.399856662574965,19.045651741627296,
2026-09-15 22:05:53,,EM 02,5.100058894612179,8.327486537468197,13.886560224170188,17.61618814134938,
2026-09-15 22:05:53,,EM 03,1.765757919282603,10.984862806007373,12.842819232816634,19.060125739250825,
2026-09-15 22:05:53,,EM 04,6.7468142901129,9.104469050545527,13.719436726832626,17.8697385589037,
2026-09-15 22:06:03,UNIT 1,,15.527877263123973,10.7548670230833,14.31731858989394,11.24004857327972,
2026-09-15 22:06:03,UNIT 2,,8.025657647842625,7.596056249139566,19.006857676244355,16.56869695781722,
2026-09-15 22:06:03,UNIT 3,,6.33735544095029,13.175829381464622,12.756593607337493,14.929215017073876,
2026-09-15 22:06:03,UNIT 4,,9.179517634682728,12.930787246374585,12.236165621591653,16.663389863610803,
2026-09-15 22:06:03,,EM 01,24.700249367896056,18.684409273417653,24.182423687866823,17.215568073859444,
2026-09-15 22:06:03,,EM 02,1.5071797353262393,9.011576075148987,15.399199286861196,17.433396108849642,
2026-09-15 22:06:03,,EM 03,0.47143609736485326,12.609497370811996,14.184080354630371,20.65077185441056,
2026-09-15 22:06:03,,EM 04,7.964544823845623,11.239206826817298,12.30741776763487,18.485184608967174,
2026-09-15 22:06:13,UNIT 1,,15.651449695279169,13.049621652503182,14.812580632104535,11.119854280103537,
2026-09-15 22:06:13,UNIT 2,,4.6181614845573655,4.993256872277605,23.47419055818432,14.46730626591555,
2026-09-15 22:06:13,UNIT 3,,8.650627482049348,11.761712092542638,12.7574880279172,14.13626383922551,
2026-09-15 22:06:13,UNIT 4,,8.141783360481597,13.914324468827981,11.561049175509188,17.355026253006077,
2026-09-15 22:06:13,,EM 01,25.684843615169168,17.48526773916979,25.71142177624269,14.281047614966928,
2026-09-15 22:06:13,,EM 02,0,8.704191701155274,14.234714012115209,15.27224761007105,
2026-09-15 22:06:13,,EM 03,0.4664133690046761,12.3458957869243,15.633655979997547,19.00778069752568,
2026-09-15 22:06:13,,EM 04,8.485624162822585,9.28022390444168,10.696845991539378,19.04895007669895,
2026-09-15 22:06:23,UNIT 1,,18.501001335948285,14.331736933379908,12.892467007357862,10.792407278032352,
2026-09-15 22:06:23,UNIT 2,,4.276243651469254,6.0813397192909875,22.450523034212058,12.246469634876846,
2026-09-15 22:06:23,UNIT 3,,7.549611067358877,8.872658129806343,13.58914429637126,17.537485268927615,
2026-09-15 22:06:23,UNIT 4,,5.884541832226714,13.633686232327989,11.56389154360156,14.687550208325932,
2026-09-15 22:06:23,,EM 01,28.582675463497253,15.35049952659513,24.109600259351662,12.600581069259112,
2026-09-15 22:06:23,,EM 02,0.5572352200701927,8.23675321131459,14.152155861323223,18.35770937360931,
2026-09-15 22:06:23,,EM 03,4.89825864255673,12.716937572299141,16.900893082257102,23.089652396644453,
2026-09-15 22:06:23,,EM 04,10.474613729375646,8.253868106400375,9.716913192469825,17.8934130241457,
2026-09-15 22:14:41,UNIT 1,,7.010186434144158,10.249653321616684,9.782011715808625,10.94049476679354,
2026-09-15 22:14:41,UNIT 2,,6.266313843759523,6.113900204411271,14.05384927805252,16.223954210205974,
2026-09-15 22:14:41,UNIT 3,,4.80149800869686,12.634743260944534,15.234290883147677,17.882404083313734,
2026-09-15 22:14:41,UNIT 4,,7.959758354269388,10.48310327042472,14.927145102404891,19.50875098915866,
2026-09-15 22:14:41,,EM 01,24.297554280353722,22.703321643163697,18.67328256927731,24.18022365000777,
2026-09-15 22:14:41,,EM 02,2.8418282942129878,10.438079167940842,15.340614729614503,17.644110637084335,
2026-09-15 22:14:41,,EM 03,8.40866626065936,9.511879198165527,15.271638874443948,18.274291009015084,
2026-09-15 22:14:41,,EM 04,5.566144253448163,11.461101339638564,16.251581375957123,17.764815614488562,
2026-09-15 22:14:51,UNIT 1,,3.880299470232745,8.730009615012248,11.372246986351477,10.755514542152827,
2026-09-15 22:14:51,UNIT 2,,9.603091986403408,4.211713996264432,15.973559090150756,16.760928276678776,
2026-09-15 22:14:51,UNIT 3,,5.777308229840485,13.297249113810889,18.19446362935779,18.401027752843923,
2026-09-15 22:14:51,UNIT 4,,5.177123864471429,8.573409092435039,13.622399907657067,19.744329867843543,
2026-09-15 22:14:51,,EM 01,24.42635774346491,19.707427957835563,17.976066094156714,24.259565788341632,
2026-09-15 22:14:51,,EM 02,1.848967414730135,11.06617313522065,15.15950588925315,18.244718985910474,
2026-09-15 22:14:51,,EM 03,11.774111742939517,10.831877150645553,14.17933380257489,15.699710770345076,
2026-09-15 22:14:51,,EM 04,6.509884161570964,10.040645163002054,14.113737425975138,15.982988226526707,
2026-09-15 22:15:01,UNIT 1,,4.8250565528196026,8.064496616418825,13.468966441020168,15.378003704906195,
2026-09-15 22:15:01,UNIT 2,,10.287201320675097,1.3230049289483772,15.135075369820223,16.988729131939607,
2026-09-15 22:15:01,UNIT 3,,5.729678965901568,10.52187434789254,20.771381412690232,17.11477261091589,
2026-09-15 22:15:01,UNIT 4,,0.8616585582698382,5.843604513734487,12.745501075698945,20.27885499178387,
2026-09-15 22:15:01,,EM 01,23.176324334467363,18.014576580157097,18.53532773203322,20.755508942057244,
2026-09-15 22:15:01,,EM 02,1.7250552752673296,12.30121041612616,15.048206711355931,18.533068313371455,
2026-09-15 22:15:01,,EM 03,8.594037533060574,14.973115493084125,16.579820410724686,15.557106851821302,
2026-09-15 22:15:01,,EM 04,5.85184111421429,11.859939203717056,14.786254799515437,15.70410592683381,
2026-09-15 22:17:58,UNIT 1,,10.433259580783215,13.225241390832556,11.60561970577427,12.607246622854877,
2026-09-15 22:17:58,UNIT 2,,5.042962042383293,10.54195148029559,12.129751875247887,17.593490111576155,
2026-09-15 22:17:58,UNIT 3,,6.5869203276692465,7.241767079886223,12.328829662550197,17.1910699106733,
2026-09-15 22:17:58,UNIT 4,,4.563948801805713,10.118631377240094,13.021959273383617,17.594678871799935,
2026-09-15 22:17:58,,EM 01,22.824405949494214,24.5142840065859,22.402103657861026,23.186408236569136,
2026-09-15 22:17:58,,EM 02,8.630168902088014,11.837865338596663,17.921435320399915,19.033375976046287,
2026-09-15 22:17:58,,EM 03,3.290574729160462,8.928928523264128,12.437554247786995,19.061159428174037,
2026-09-15 22:17:58,,EM 04,2.3426536412616694,11.559135905329633,13.644535048331013,20.1612466553617,
2026-09-15 22:18:08,UNIT 1,,7.4519405770682035,11.50998738372376,6.9876846752311,9.747431230721292,
2026-09-15 22:18:08,UNIT 2,,3.869720780801681,12.49723814146417,12.379640155050264,18.76668303395746,
2026-09-15 22:18:08,UNIT 3,,8.617018987852939,6.528719963760994,14.266801089327869,18.783389956874508,
2026-09-15 22:18:08,UNIT 4,,4.590005767106072,8.675329371988804,11.116036866516506,17.68703007246535,
2026-09-15 22:18:08,,EM 01,24.511832507821303,22.298597747909362,22.167395023538525,22.43032292506206,
2026-09-15 22:18:08,,EM 02,7.01281547411162,11.038628935375376,18.414958200921074,18.89607739829618,
2026-09-15 22:18:08,,EM 03,2.5235829133386334,11.346482852715944,10.380359056396566,19.306661421235923,
2026-09-15 22:18:08,,EM 04,0.5814896185805634,11.13662267061417,15.011493843453767,21.77391978720854,
2026-09-15 22:18:18,UNIT 1,,2.7653009623067293,7.907671023775058,7.171339767875896,11.72321630321835,
2026-09-15 22:18:18,UNIT 2,,1.3615210553739479,13.736309781670627,13.312937071902603,15.268782505594464,
2026-09-15 22:18:18,UNIT 3,,13.674230912973455,9.11587891789249,13.651841496129535,19.11393326231512,
2026-09-15 22:18:18,UNIT 4,,6.421023417965934,6.5436697606395615,12.04630907287355,18.129264162931022,
2026-09-15 22:18:18,,EM 01,27.50352828233218,23.430816306577505,22.107039767845773,18.784421895626714,
2026-09-15 22:18:18,,EM 02,3.9781008849493955,12.440947244619247,21.795026917985684,17.669974043495394,
2026-09-15 22:18:18,,EM 03,2.8668211152556564,10.000239729504846,10.089592056302365,20.08090823228623,
2026-09-15 22:18:18,,EM 04,1.8504358942275336,11.073326328379153,16.436288726826525,20.05977849824064,
2026-09-15 22:18:28,UNIT 1,,1.8494334895849547,8.534986657712542,6.325491199852659,9.35194623408333,
2026-09-15 22:18:28,UNIT 2,,2.459949490903502,13.08231343451334,15.193602264750968,17.37246852708524,
2026-09-15 22:18:28,UNIT 3,,12.38848232058698,9.013000916647279,13.978794317594726,18.926933871877196,
2026-09-15 22:18:28,UNIT 4,,9.652807268186514,6.28396874880635,15.796892347563443,19.29023169433796,
2026-09-15 22:18:28,,EM 01,27.831393598473873,22.399854809006392,23.649322976786525,16.692910602534905,
2026-09-15 22:18:28,,EM 02,4.924464766699876,12.233414611054299,22.610211121566483,15.085675980863233,
2026-09-15 22:18:28,,EM 03,1.2388011308421774,11.673589006032334,12.412768555071176,19.790010391750524,
2026-09-15 22:18:28,,EM 04,4.651729559617651,8.886148194313279,18.308844337528598,16.455538339094147,
2026-09-15 22:18:38,UNIT 1,,4.43313115971394,11.408490488116376,5.686295700519649,7.720301114004904,
2026-09-15 22:18:38,UNIT 2,,3.481464248192782,13.472683868383514,14.637751331271662,16.6405947671986,
2026-09-15 22:18:38,UNIT 3,,13.987539720802081,9.772507106575869,12.466640674409689,23.853722467786604,
2026-09-15 22:18:38,UNIT 4,,9.250975220400012,8.11489612740712,12.471097390346703,20.412092607202236,
2026-09-15 22:18:38,,EM 01,24.883061537586087,19.667494154233868,27.05306786723861,15.890246353937993,
2026-09-15 22:18:38,,EM 02,4.831164477935268,10.472888074170221,23.01154870520931,16.48745674828964,
2026-09-15 22:18:38,,EM 03,1.6280062984242702,13.789924646423408,11.556238579935727,20.531288711190115,
2026-09-15 22:18:38,,EM 04,6.929503057125987,10.37303812729366,16.928401338866383,17.361973908090032,
2026-09-15 22:18:48,UNIT 1,,5.910444240324423,12.253683492025063,3.6253648620293375,4.4239477655151775,
2026-09-15 22:18:48,UNIT 2,,5.727299524964558,13.628776082637637,14.90739851679359,18.414427420082735,
2026-09-15 22:18:48,UNIT 3,,16.554782151725462,9.109408975759898,11.563374239284238,24.172670496455233,
2026-09-15 22:18:48,UNIT 4,,12.445353388219356,8.43284128086982,10.374979725292949,18.860515027427276,
2026-09-15 22:18:48,,EM 01,27.504444749864565,16.741282542016695,26.62255159893021,18.3682596589806,
2026-09-15 22:18:48,,EM 02,5.603665192864853,11.068282520465822,24.182291780848587,17.43488416148473,
2026-09-15 22:18:48,,EM 03,2.462074497554112,10.56726573209175,8.560095605258315,22.45885259129635,
2026-09-15 22:18:48,,EM 04,9.874291924412349,9.471917718850984,19.764827735848158,15.412165533509633,
2026-09-15 22:18:58,UNIT 1,,7.365497261982963,14.376806775805116,3.7490145512386768,5.535729497270251,
2026-09-15 22:18:58,UNIT 2,,3.6372943534771878,12.554954833691596,15.058184169598427,20.059145226627358,
2026-09-15 22:18:58,,EM 01,26.105781153352215,15.680197814037173,26.54178997170948,15.978985019580216,
2026-09-15 22:18:58,,EM 02,6.586978105397909,11.964403338725441,22.932793156972068,17.270360359262522,
2026-09-15 22:19:08,UNIT 1,,7.910428148175591,13.71999810423728,1.0733451700042642,5.305025024736976,
2026-09-15 22:19:08,UNIT 2,,5.857045902387401,10.496425112345127,14.55939246386364,20.880284638407247,
2026-09-15 22:19:08,,EM 01,26.64695428900191,17.765330141264045,27.831036012665205,16.955582604693216,
2026-09-15 22:19:08,,EM 02,7.022670513762593,13.174771608714114,21.426697743413687,17.189946443814442,
2026-09-15 22:19:18,UNIT 1,,5.749388263836782,12.765644978824987,0,1.6245862046849693,
2026-09-15 22:19:18,UNIT 2,,7.558833811883683,10.825815902328781,15.34523571737662,21.221735371033784,
2026-09-15 22:19:18,,EM 01,26.950667385388112,17.639350795053545,26.77158855728799,17.019419010380417,
2026-09-15 22:19:18,,EM 02,7.953735620632415,13.255100209023588,21.260110280565385,16.166571514519855,
